URL,Label
https://queilatauwujo-3219.vercel.app/poc.meko,phishing
https://rebrand.ly/1c3fe0,phishing
https://rewapsuotxtcom.pages.dev/,phishing
https://doros.kinsta.cloud/wp-content/upgrade/ddprojet/pages/infromation-page.php,phishing
http://vdv.oqp.mybluehost.me/website_997728e1/wp-admin/includes/bookmark/638/,phishing
http://vdv.oqp.mybluehost.me/website_997728e1/wp-admin/includes/bookmark/638/paiement.php,phishing
http://vdv.oqp.mybluehost.me/website_997728e1/wp-admin/includes/bookmark/638/3dsec.php,phishing
http://vdv.oqp.mybluehost.me/website_997728e1/wp-admin/includes/bookmark/638/3dsece.php,phishing
https://sroemcoommnumnlty.com/utro/kaifulu/hulin,phishing
http://www.is.gd/SJxj2z/,phishing
https://doros.kinsta.cloud/wp-content/upgrade/ddprojet/pages/payment-page.php,phishing
https://memopeibattu-8791.vercel.app/tal.gonex/,phishing
https://siduyhsy.weebly.com/,phishing
http://hhhhfdcv14.icu/,phishing
https://jghfhfjhfhffjghfghgfh.weebly.com/,phishing
https://curren12056.weebly.com/,phishing
https://bedtitan.web.app/,phishing
https://bedtitan.firebaseapp.com/,phishing
https://clickbank-pro.firebaseapp.com/,phishing
https://commonrics.web.app/,phishing
https://clickbank-pro.web.app/,phishing
http://site-audit-fedex-reo.pantheonsite.io/,phishing
http://camicazi.weeblysite.com/,phishing
https://commonrics.firebaseapp.com/,phishing
https://www.extremas.com.ar/dir/fr/am/3dsec.php,phishing
https://www.extremas.com.ar/dir/fr/am/3dsece.php,phishing
http://www.extremas.com.ar/dir/fr/am/paiement.php,phishing
http://website-c67c0f24.rwk.liz.temporary.site/infra/infospage.php,phishing
http://www.shanny.ca/uu/25GB/index2.php,phishing
http://att-mail-109008.weeblysite.com/,phishing
http://server.h74w.com/invite/12536668/,phishing
http://www.alfolw.dk/[email%C3%83%C2%A3%C3%82%C2%83%C3%83%C2%A2%C3%82%C2%82protected].zip,phishing
https://netflexa.netlify.app/,phishing
https://hergeng2578.xyz/m/register?codeNumber=24626,phishing
http://www.werdenaktualisiert.com/wp-content/themes/twentytwentytwo/templates/24/Aktion/re88872155DE680220/05580578780CH8569980055DE00650/c5e20c025935c2d8b18c6ed8e5590db3/,phishing
https://lowaller.shop/+hnhetia6rrkxd3l,phishing
https://clubbmxbogota.com/s_generale/societe-generale%20v1.2%2026-08-2024%20(1)%20(4)/societe-generale%20v1.2%2026-08-2024,phishing
https://clubbmxbogota.com/s_generale/societe-generale%20v1.2%2026-08-2024%20(1)%20(4)/societe-generale%20v1.2%2026-08-2024/,phishing
https://suport-page-help.com/abc,phishing
https://kemittrra-perttamiina-pgn-tm.zpro.shop/,phishing
https://wandulct.eventsinindonesia.com/,phishing
https://wandulct.eventsinindonesia.com/re.php,phishing
https://wandulct.eventsinindonesia.com/rever.php,phishing
https://wandulct.eventsinindonesia.com/update.php,phishing
https://meta.com-case54874.com/help/contact/93332714637564,phishing
https://wyp.zrx.mybluehost.me/en/SBB/index/,phishing
https://shtl.xyz/s/a736,phishing
https://mt.jsyvvriijl.bond/,phishing
http://www.goo.su/nkzl3A/,phishing
http://apply-verified-badge0-service-form.vercel.app/,phishing
http://fhvresver.weebly.com/,phishing
https://mint-openseaboxc-xi.vercel.app/,phishing
https://haliikairental.com/,phishing
http://workersremotelyfix.pages.dev/,phishing
https://sainuasd.com/,phishing
https://lnkfwd.com/u/MUEUMson,phishing
https://sainojwl.com/,phishing
http://kk60.cc/,phishing
https://noreplyleamanager.wixsite.com/offisesendproo,phishing
http://winner.midasbuy-page.com/,phishing
https://kcoinbisaecoinserror.azurewebsites.net/,phishing
https://igor-krutoi.ru/events/271244,phishing
http://deutsche-bank.center-info-app.click/k38lej9rds5m,phishing
http://datrennenima-4673.vercel.app/mixcc.html/index.html,phishing
https://claim-free-verified-badge.vercel.app/,phishing
http://sbcglobmakikcyd.weebly.com/,phishing
https://pp.jsyvvriijl.bond/,phishing
https://goo.su/VN2O9,phishing
http://bet3699a.com/,phishing
https://zyexx.com/k776a38f07d3f74d2f1b108d7eexc8895aba.html,phishing
https://muybbtemail9on28s.weebly.com/,phishing
https://pub-c83e6c94c61249bf8667914f85590f97.r2.dev/currently%20attachments.html,phishing
https://amazoneclothing.sbs/com/,phishing
https://dfjbrydtemail.weebly.com/,phishing
http://qtk.nir.mybluehost.me/dbs.com.html?entity=31321,phishing
https://themetamask.co/,phishing
http://telus.signup.clik2pay.com/,phishing
http://bosotvangnonj.cyou/login,phishing
http://tomhapxanonj.cyou/login,phishing
https://pac-trackingiv.top/i/,phishing
https://www.shorturl.at/fg7Xy?VE=4885b1qn,phishing
http://autoteh-samara.ru/russkom-izmena/3621-izmeny-russkih-nevest-na-svadbe-119-foto.html,phishing
http://68agbdrx2.top/login,phishing
http://kbkv42qi5.top/login,phishing
http://tx6fpyhgc.top/login,phishing
http://tomhapbiaangonj.cyou/login,phishing
http://21q2y1y21.top/login,phishing
http://xq5ns1k6w.top/login,phishing
http://tqkksig17.top/login,phishing
http://c3oj5mh4i.top/login,phishing
http://o263m1fps.top/login,phishing
http://k96zujleb.top/login,phishing
https://quaprobreusorau-5083.vercel.app/ruu.html/hwkls.html,phishing
http://solutionfun.info/landingpage/d44e60b2-1095-4555-baee-4798d0799391/c4wsgraqewcyyphkef1rqprsfkv2w7xxazgvwqkrp_0,phishing
http://telaagam.mafine.cyou/,phishing
https://docswlltcnnctt.gitbook.io/en-us,phishing
https://faecbook.com.vn/timnguoigapngay10thang11,phishing
http://ohwwmclliaas.top/login,phishing
https://gemsini-login.gitbook.io/us,phishing
https://helpwlltcoct.gitbook.io/en-us,phishing
https://io-upheldlogin.gitbook.io/us,phishing
https://waalletcconect.gitbook.io/us,phishing
https://tw.midaspowers.com/,phishing
https://mintynft10.vercel.app/,phishing
http://flowcode.com/p/efMKP0wY5L,phishing
http://motmsaskt-login.gitbook.io/us/,phishing
https://promunnomenni-2290.vercel.app/ruu.html/hwkls.html,phishing
https://paradigmasa.com.co/,phishing
https://amazon051.github.io/prueva051,phishing
http://mail.linkbntuan-danaid.duckdns.org/,phishing
http://mail.pusatbntuan-dana.duckdns.org/,phishing
http://www.linkbntuan-danaid.duckdns.org/,phishing
http://www.pusatbntuan-dana.duckdns.org/,phishing
http://pusatbntuan-dana.duckdns.org/,phishing
https://att-sign-in-101996.weebly.com/,phishing
http://linkbntuan-danaid.duckdns.org/,phishing
http://metamaosklgin.gitbook.io/us/,phishing
http://clentregaexpres.com/,phishing
https://clbkpemulih4nn.homeonline.biz.id/,phishing
https://glisteningtoksnev.netlify.app/,phishing
https://mint-openseas2x.vercel.app/,phishing
http://www.mail.trpeiprzak.com/,phishing
https://ciwiresuotxtcom.pages.dev/,phishing
https://prosvip.shop/,phishing
https://vipmall3.shop/,phishing
https://proshopmall.shop/,phishing
https://usmallv.shop/,phishing
https://jvcon-nect.org/usaaomx/,phishing
http://mozimzemerly.pages.dev/,phishing
http://mint-openseas2-azure.vercel.app/,phishing
http://ff.sukienvip-garena.io.vn/,phishing
https://telegarnn.co/,phishing
http://amazon7yogesh.pages.dev/,phishing
http://9825057365.com/,phishing
http://openconnect.netflix.com.first.cilukba.us.kg/,phishing
https://bafybeiawzpzpbzwqauhvrupzyywr5bjpjryeflsgwozc6c5u5wip4nzm6q.ipfs.dweb.link/,phishing
http://realfgsghehsy-tech.pages.dev/,phishing
https://start-docs-triezr.github.io/,phishing
http://shopify-xp.shop/,phishing
https://metamiisklogixx.godaddysites.com/,phishing
http://methammaskusaalognini.godaddysites.com/,phishing
http://cdn.dragon.cere.network/833/baear4icf6dtx3h6e6gglnfpr6yyweit5udvc6rn7bya2hlyyhanldeqlaq/dhltracking.html,phishing
http://methamask-usalognn.godaddysites.com/,phishing
https://koikenlgein.godaddysites.com/,phishing
http://pub-d3cb97365019470abcfd37007973d95e.r2.dev/index.html,phishing
https://ti666.top/,phishing
http://kucoiinspacelogn.godaddysites.com/,phishing
http://paypal-login-mny-accountt.gitbook.io/,phishing
http://ckoinbaseprologin.godaddysites.com/,phishing
http://cbasaprologi-us.gitbook.io/,phishing
http://krakensszlogin.gitbook.io/,phishing
http://metaamsklofgine.godaddysites.com/,phishing
http://idorangefr1.weebly.com/,phishing
http://cioonbass-prologix.godaddysites.com/,phishing
http://mietaessskl0gimi.godaddysites.com/,phishing
http://geemini-login.godaddysites.com/,phishing
https://pub-0543c75a264040169028b3aa9abaf345.r2.dev/index.html,phishing
https://trimmer.to/FkHTi,phishing
https://dev-support-live365blog.pantheonsite.io/,phishing
http://supports-yours-pages.com/,phishing
http://tkshoppa.vip/,phishing
https://docs-bridge-trzro.github.io/en-us/,phishing
https://truzorwullatr.gitbook.io/,phishing
https://lmanesh7.github.io/,phishing
http://kzyqemikfbva.top/,phishing
https://gitflix-12.netlify.app/,phishing
https://coniabaseprolognus.gitbook.io/,phishing
http://quionbaspro-lgoiin-usa.godaddysites.com/,phishing
https://umkrakknloginnn.gitbook.io/,phishing
http://geminilginx1.godaddysites.com/,phishing
http://uphoold-loogiusa56.godaddysites.com/,phishing
http://meuthmasklogin.gitbook.io/,phishing
https://meitemaskoo.github.io/,phishing
https://kh9b8vt7cr6xerctv7y8buiooiuhgyfg.weebly.com/,phishing
http://upholljoyinlog.godaddysites.com/,phishing
http://meatmaskogin-ua-us.godaddysites.com/,phishing
http://login-metamaisk.gitbook.io/,phishing
http://verified-get-tick.vercel.app/,phishing
http://koiicingliglg.godaddysites.com/,phishing
http://mmmetamsk-logg.godaddysites.com/,phishing
http://rfobenhgodlogssus.godaddysites.com/,phishing
https://coiinbase-pro-loggin.godaddysites.com/,phishing
http://mehtamasj-llofign.godaddysites.com/,phishing
https://geamin-logiusa.godaddysites.com/,phishing
http://yetoksuotxtcom.pages.dev/,phishing
http://coiin-base-prroloogginn.godaddysites.com/,phishing
https://intellimerge.xyz/,phishing
http://mmtam-sakwalllet.gitbook.io/,phishing
http://gminilogionc.godaddysites.com/,phishing
http://nv-metmskilogi.godaddysites.com/,phishing
http://conobassprologi.godaddysites.com/,phishing
https://maskmethelogeysinn34.godaddysites.com/,phishing
http://upphholdd-uss.godaddysites.com/,phishing
http://coinnbase-pro-logiin.godaddysites.com/,phishing
https://geimilugin3.godaddysites.com/,phishing
http://www.551001.me/promo.html,phishing
https://matamuskloggin.github.io/,phishing
https://kracnlogong.gitbook.io/,phishing
http://www.551001.me/register.html,phishing
http://www.551001.me/agent.html,phishing
https://kriiaakeenloviine.gitbook.io/,phishing
https://qwkhsf-sdw5.top/,phishing
http://www.inpostdom.cyou/,phishing
https://bocekilacla.com/,phishing
http://olx-ba.id54678.com/product/43989334/money,phishing
http://weltgram.xys70.cc/,phishing
http://sarcosporidian.fun/,phishing
https://hfsrtyuiopytrytrety-yretyu6545ytugy.pages.dev/,phishing
http://upiuldlagiq.godaddysites.com/,phishing
http://rohnbinhoodlooginn.godaddysites.com/,phishing
https://homemetamaskllog.godaddysites.com/,phishing
https://metamaskioo.gitbook.io/,phishing
https://currently70.weebly.com/,phishing
https://pub-ec5ded36a0e64c7e9b54f2729e83f38d.r2.dev/index.html,phishing
https://tilerssnot.blogspot.com/,phishing
http://klai.xx4ci.my.id/,phishing
https://tkmall.shopping/,phishing
https://ukmallvip.shop/,phishing
http://ingressobdvv.click/,phishing
https://dana-m.duckdns.org/,phishing
http://walletconnectrecovery-71g.pages.dev/,phishing
https://focippatoha-2950.vercel.app/poc.meko,phishing
https://rebrand.ly/ovo5nob,phishing
http://68agbdrx2.top/,phishing
https://mallvipy.shop/,phishing
https://quydoi-lienquan.com/GICT7WUNAr3n4BsVnH8vSGghzEC%3EFB,phishing
http://pages.tempisite.com/facebook-azerbaijan,phishing
https://influenceteamdatastream.vercel.app/A2Yr9Nv=qfK1UtB$nhditgid=1HYt.html,phishing
https://25267356.cdpnk.my/,phishing
https://dcytfhloo.shop/,phishing
http://www.iwnjdk.top/,phishing
http://steam.poweredworkitem.com/filedetails/sharedfile/id=3204295397/,phishing
http://shopify-xp.shop/wap/,phishing
http://bafybeieubbdk6tipjqxnm5i6qkoynxds3ers6m3oohr525ku4i4s5ccmz4.ipfs.dweb.link/,phishing
https://sroemcoommnumnlty.com/qitio/nenutr/babnu,phishing
https://epplae.midwestremailer.com/aplee/,phishing
http://bitvavobdjskdbdjfa.cc/,phishing
http://63678986365.com/,phishing
http://newss.faq-whats.me/,phishing
http://tegegram.dhlmxpost.vip/,phishing
http://www.udaanjunior.com/htaccess/,phishing
http://247-dapprectify.pages.dev/,phishing
http://www.netflix-dual-subtitles.com/,phishing
https://telstra-100469.weeblysite.com/,phishing
https://shaw-104166.weeblysite.com/,phishing
https://pub-a0123fda45df41aeaba40d3946ae8f14.r2.dev/index.html,phishing
http://dxyezzxkrvqf.top/login,phishing
http://metamaskdapp.cc/,phishing
https://pub-eb8c27d821f3450d987b2330d29ae92c.r2.dev/index.html,phishing
https://trimmer.to/kFOGH,phishing
https://u.infotrackkhm.top/l/,phishing
https://peruiasm.com/m/login,phishing
https://pub-6350a5e7e149466784e1040f235693c5.r2.dev/index.html,phishing
https://pub-e3953676f2eb45c8a55de54223357830.r2.dev/index.html,phishing
https://pub-d301d1a8a2384f2290e943d6151e875f.r2.dev/index.html,phishing
https://pub-d4ba0d44cbc640b0a7f9847e1b62c1b4.r2.dev/index.html,phishing
https://pub-659044bb68384dc99a6f10639a2ce0f8.r2.dev/index.html,phishing
https://pub-769cdd6f40174a9dafbc4dc10d1d55f1.r2.dev/index.html,phishing
https://lucdemers.com/tuny,phishing
https://antaidossiersuivamendimpayeerf33.zynekcctv.com/amandes/,phishing
http://antaidossiersuivamendimpayeerf33.zynekcctv.com/amandes,phishing
https://login.uxinnovation.com.br/login,phishing
https://login.uxinnovation.com.br/,phishing
https://epplae.westridgemanors.com/aplee/,phishing
http://nvdtbzzzpdpe.top/,phishing
http://trapperjit.com/bankofoklamaha/,phishing
http://www.svipmall.shop/,phishing
https://accionesbnrural1-gt.pages.dev/,phishing
http://www.authsbase.live/,phishing
http://paypaypaynejpeub8.replit.app/,phishing
http://www.bonusumgaranti.info/,phishing
http://okqmxiemzoem.top/,phishing
http://ibjlwkiyatit.top/,phishing
http://www.cirriusgroup.com/,phishing
https://pub-a58832a85ddb4e9abc898a965971118b.r2.dev/index.html,phishing
https://pub-0e8741090d7e480ca61c70036172a931.r2.dev/index.html,phishing
https://defiwebconnect.pages.dev/dist/website,phishing
http://www.cba-verify-identity.com/main.html,phishing
http://metamaskdapp.top/,phishing
https://mxrdigras.github.io/quickflix-repo,phishing
https://narzoniz.github.io/neelam,phishing
http://webconnect.cam/,phishing
http://idorangefr7.godaddysites.com/,phishing
https://ipfs.io/ipfs/bafybeie4vqg5ex5ndtagqwch6wnuabe6wfp7rloguddwmxoz7btq3uz3o4/fill.html,phishing
http://www.telegramhcn.com/,phishing
http://grupogolos.net/,phishing
https://cba-verify-identity.com/,phishing
https://teleegam.art/,phishing
https://metamaskdapp.cc/www/,phishing
http://makaansearch.com/1at0/ATO/file/db_connect.php,phishing
http://makaansearch.com/1at0/ATO/otp.html,phishing
http://makaansearch.com/1at0/ATO/personal.html,phishing
http://makaansearch.com/1at0/ATO/otp2.html,phishing
http://satinnaaoabbs.weebly.com/,phishing
https://guzhinb.akuanakmamah.de/,phishing
https://pubgm.event-krafton.com/,phishing
http://www.americanexpressempresas.com/,phishing
https://upancakeswap.pages.dev/,phishing
http://sites.google.com/view/pecialmorals/home,phishing
http://resisted-amusing-driver.glitch.me/public/index_CNC.html,phishing
http://www.instapass.fr/,phishing
https://flowcv.me/snsjshhg,phishing
http://jetrannegapre-7765.vercel.app/ratixx.html,phishing
https://uqklaz1.3bh5ujij7pp.dns-dynamic.net/,phishing
http://seller.ebay-shopprodjs.com/,phishing
https://log.idconnectorangcms.udp64.de/lft-plus/,phishing
http://www.spotifyplaybackspeed.com/,phishing
https://receber-ind.com/,phishing
https://u.infotrackpwk.top/l,phishing
https://svviicess.weebly.com/,phishing
http://pub-9c4181be917b4f29b6cc99c1ac769498.r2.dev/index.html,phishing
https://epplae.pet-ut-treatment.com/aplee/,phishing
https://suport-page-manage.com/,phishing
https://facebooksupport909.uncody.site/,phishing
http://feji.us/marketplace-supporthelp909,phishing
https://pub-2a7c35ab42534559b978ecb5650f2963.r2.dev/AT%26TYAHOO.html,phishing
https://amazon-ui-clone-zeta.vercel.app/,phishing
https://yellowjacket.co.nz/ap/index.php,phishing
https://www.cs0103.com/,phishing
https://down.tiktok881.com/,phishing
https://chs0x02e823rw.pages.dev/,phishing
https://aasdte78fjbno90.weebly.com/,phishing
https://chryslerpower.com/tmp/thumbnails/jsn_ext_uniform_pro_standard/outlook.com/index.html,phishing
http://signinattcomdynamiciamlrrlrrcontrolleo.weebly.com/,phishing
https://cache.netflix.com.user12.lsanasta.us.kg/,phishing
http://xsuweamskeidjf.weebly.com/,phishing
http://dijallecibo-6130.vercel.app/ratixx.html,phishing
https://joujiyeuhoprou-9952.vercel.app/vux.hovek/,phishing
https://suport-page-manage.com/robots.txt/,phishing
https://antaidossiersuivamendimpayeerf33.zynekcctv.com/amandes/infospage.php/,phishing
https://dintfarm.top/YHbm6ie/16969958228128159595871151/,phishing
http://mother.pics/+T8pkx03xSSeXR8e,phishing
http://latamblackfriday.vercel.app/,phishing
http://quegrucogrouvoi-8717.vercel.app/ratixx.html,phishing
https://ymbzgoze.com/,phishing
http://amazon-261.pages.dev/,phishing
https://currentlyatt5957.weebly.com/,phishing
https://shop.tiktokshop.work/,phishing
https://pendaftaran-gas-elpji.resmi.web.id/,phishing
https://allegrolokalnie.p24-981421.buzz/aukcja/312315b440da4-59c0-47fa-a74b-9bf8386cec7d,phishing
https://ll33b1.weeblysite.com/,phishing
https://slaemcoonnmnumnlty.com/loigun/murmik/ortop,phishing
http://u.to/JzUAIQ,phishing
http://metamaskcrypto.top/,phishing
https://pub-671ae1ff64674c3ba9e54c618b905356.r2.dev/index.html,phishing
https://atmailupdatewptnskmdinfomailacct.weebly.com/,phishing
https://sroemcoommnumnlty.com/eril/btriv/hei,phishing
https://u.infotrackdxf.top/l,phishing
https://ch7-zeta.vercel.app/intest.html,phishing
https://aafreen2.github.io/CSS-HW-1,phishing
https://narzoniz.github.io/fawad,phishing
https://makaansearch.com/1at0/ATO/index.html,phishing
https://makaansearch.com/1at0/ATO/index2.html,phishing
https://makaansearch.com/1at0/ATO/otp.html,phishing
https://makaansearch.com/1at0/ATO/personal.html,phishing
https://makaansearch.com/1at0/ATO/otp2.html,phishing
http://alfolw.dk/[email%C3%A3%C2%A3%C3%A2%C2%83%C3%A3%C2%A2%C3%A2%C2%82protected].zip,phishing
https://sagr-28.github.io/CSSHW,phishing
https://serivsacu.casa/,phishing
https://lucaslucalucas.github.io/Netflix,phishing
http://steancommnunity.com/847302df7fcbec6aec54dacd5bbcb51a/c3RlYW1jb25tdW1pdHkuY29t/aHR0cDovL3N0ZWFuY29tbW51bml0eS5jb20vZ2lmdC9hY3RpdmF0aW9uL2lkPTExMzEzNDEwNzk=,phishing
https://web3live.pages.dev/,phishing
http://omgtower.netlify.app/spotify-iphone-control-mac,phishing
http://steancommnunity.com/gift/activation/id=1131341079,phishing
http://steamconmumity.com/gift/activation/id=1131341079,phishing
https://1bake.chanze.my.id/verify.php/,phishing
https://staemcomnmunity.com/tradeoffer/new/?partner=1219357172&token,phishing
https://app.pancakeportal.finance/,phishing
https://sroemcoommnumnlty.com/ikroman/trulik/nunysh,phishing
https://sroemcoommnumnlty.com/sredu/bambim/zhopi,phishing
https://u.infotracknxw.top/l/,phishing
https://tik-seller.net/,phishing
http://web3.pancake.run/,phishing
http://web.telegarnn.co/,phishing
https://tik-sellers.net/,phishing
http://steancommnunity.com/847302df7fcbec6aec54dacd5bbcb51a/c3RlYW1jb25tdW1pdHkuY29t/aHR0cDovL3N0ZWFuY29tbW51bml0eS5jb20vZ2lmdC9hY3RpdmF0aW9uL2lkPTE1NjExNDMzMDU=,phishing
http://steancommnunity.com/gift/activation/id=1561143305,phishing
http://steamconmumity.com/gift/activation/id=1561143305,phishing
https://usps.com-tarude.cc/rog/,phishing
https://creativeservices.netflix.com.id1.karasantan.web.id/,phishing
https://cache.netflix.com.id1.karasantan.web.id/,phishing
https://u.infotrackcwd.top/l/,phishing
https://tokemn.com/,phishing
https://www.trustwallet.divinaldec.com/,phishing
http://uptyxqtftovv.top/,phishing
http://pkodbnemubtd.top/,phishing
http://qksnzbdxbdhe.top/,phishing
http://idkbsmvenxtm.top/,phishing
http://dssbmeftibda.top/,phishing
https://support.zoom.us.id1.karasantan.web.id/,phishing
https://user.fm/files/v2-de006cf41ae5a3c4e0e34595f2a9a9ae/Proof%20of%20Payment.htm/,phishing
https://sninhmall.com/,phishing
https://tiktokspsps.top/,phishing
https://perbaikan-akun-dana.dnyjis.biz.id/,phishing
https://rakuten-carda.info/,phishing
https://repte.beauty/+ntgljyxm2k0sel2,phishing
https://point-onuni.info/,phishing
https://mybt-106689.weeblysite.com/,phishing
https://www.autho-edfed.duckdns.org/,phishing
https://96037586365.com:9900/,phishing
https://whastpp.cc/,phishing
https://www.024k365.com:8989/mobile-client/bet365_627/index.html?td_channelid=627,phishing
https://pub-6ff145fcc44944dbad18bef4dd988852.r2.dev/index.html,phishing
https://pub-c0c326d288cf4c5b80a80b10af7d23f5.r2.dev/index.html,phishing
https://pub-a8b03f861d264838bc70b3737ea516ed.r2.dev/index.html,phishing
https://pub-506f5f001cc548ea8d8f4efe90c4c9ee.r2.dev/index.html,phishing
https://whatsapp-kd.com/,phishing
http://enjoygiftamz.fun/,phishing
http://zenuenlwineb.top/login,phishing
https://h5.z3v2.com/index.html#/pages/active/active?inviter=66408923&domain=h5.z3v2.com&landing=h5.3y4j.com,phishing
https://server.2rk3.com/invite/66408923,phishing
https://latam-omeg.vercel.app/,phishing
http://nftluck52.vercel.app/,phishing
http://nftluck57.vercel.app/,phishing
http://bt-internet-109101.weeblysite.com/,phishing
http://service-client.godaddysites.com/,phishing
http://260aesthetic.wixsite.com/atd0/,phishing
http://example223.wixsite.com/my-site/,phishing
http://pub-d89ac214e5f14f29ac8d34c1c299278a.r2.dev/z9.html,phishing
http://attmailservicenow.wixstudio.io/my-site/,phishing
http://mayfair313.wixsite.com/my-site/,phishing
http://pub-96d3671f4c4f418ba1c02f5598ed7b51.r2.dev/index2HiC.htm,phishing
http://pub-e42cb528b102447385e3145197916f51.r2.dev/owa-pageeee-owa.html,phishing
http://luk6414.wixsite.com/my-site/,phishing
http://dara3dccj.wixsite.com/my-site-1/,phishing
http://support-metahelpcenter-id100003498934.netlify.app/help/support/client_id=900521099500510/,phishing
http://autoreplyattmode.wixsite.com/my-site-1/,phishing
http://jagej73796.wixsite.com/my-site/,phishing
http://pub-c0a934c950e441db96b882789f53c9ea.r2.dev/koolame.html,phishing
http://monetization-violation.github.io/violatoin-help/,phishing
https://h5.share-idn.com/index.html#/pages/active/active?inviter=50207516&domain=h5.share-idn.com&landing=h5.0x3p.com,phishing
https://server.3ht6.com/invite/50207516,phishing
https://sharepointfd.weebly.com/,phishing
http://mxmxnmx.mx.zya.me/,phishing
http://telegramgr0upd4tingherexxx69.pages.dev/,phishing
https://zouzelleiprepre-4308.vercel.app/ratixx.html/,phishing
https://booking.extrant-partner.lol/,phishing
https://booking.partner-hub.cfd/,phishing
http://pchekolejehrpostj.7d7sr35izl.free.hr/,phishing
https://booking.partner-xtranetgate.cfd/,phishing
https://jetrannegapre-7765.vercel.app/ratixx.html/,phishing
http://iw2091-2100.netlify.app/,phishing
https://pub-2ba2f00d7b84414c955f7291fd3bcc1c.r2.dev/index.html,phishing
https://pub-51bf9d59b05d41ba8683e8ac6bce5527.r2.dev/index.html,phishing
https://pub-1f6eb1dee0cb430894854e27a19a83be.r2.dev/index.html,phishing
https://www.oasisministries.com/fr/postale/,phishing
https://pub-3784361eb0b640e797495d46b35ce030.r2.dev/Audit-Report.html,phishing
https://pub-5f1c43f5cde042a58705be82ef00c958.r2.dev/index.html,phishing
http://website-clone-html-css.netlify.app/,phishing
http://reward-ff.garenaind.com/,phishing
https://sroemcoommnumnlty.com/kleoi/ninet/rigos,phishing
https://is.gd/s1Kf3K,phishing
https://openseas-nftclaim20.vercel.app/,phishing
https://darshan9611.github.io/price,phishing
http://pay8-2v-kbawr6w4i-ekontetevi-gmailcom.vercel.app/,phishing
https://dijallecibo-6130.vercel.app/ratixx.html/,phishing
https://pub-b707cb1c1ad5452abd7f62804f60c7de.r2.dev/index.html,phishing
http://cypurovaigje.top/login,phishing
https://logesh1404.github.io/Instagram-Clone-login-page/,phishing
https://pub-2deedb30aff5494b826a955e4e27f0d5.r2.dev/index.html,phishing
https://pub-940c549d8b0d473e8066e5ca68d8c472.r2.dev/index.html,phishing
https://pub-6ff9aaa2cd4143d7b3a44ac161ceb19a.r2.dev/index.html,phishing
https://pub-7de030c98a6740c8991a8d1291b6513e.r2.dev/index.html,phishing
https://mohammedsalihv.github.io/netflix/,phishing
http://lpeqemxeprfh.top/login,phishing
http://cdfwzdtixcjm.top/login,phishing
https://muaaweyahkp.github.io/fb-signup-bs5/,phishing
https://kouwanouzizoi-4919.vercel.app/mixcc.html,phishing
http://fnxyzihiendz.top/login,phishing
https://pub-444fdfd9944c4eef8f2dc986ee4833dd.r2.dev/index.html,phishing
https://mr-sudarshan-patil.github.io/Netflix-Clone/,phishing
http://ibjlwkiyatit.top/login,phishing
https://allegrolokalnie.kategorie-polecane-831.buzz/aukcja/31231c0628519-4ec4-4684-8589-ea0c4bca88e8,phishing
https://suport-page-manage.com/robots.txt,phishing
https://channel-xq.buzz/tme,phishing
https://me-taplatform.vercel.app/help/contact/500592023755863/,phishing
http://datamatium.com/wp-admin/user/newresultssssszz/docusign.html,phishing
https://www.suport-page-help.com/contract/support-case-id=61567278831000,phishing
https://helpnets.info/ca6e1daeadcf56468ah94b86b69o82637d16.html,phishing
https://docs-iotrazor.github.io/,phishing
https://sarayupamidi.github.io/netflix/,phishing
https://mhydh.sbs/,phishing
https://bafybeiheu4az5ymdraneuxsvbwsedbsxvyufdqqrxrlnl2dlujrfmvaxam.ipfs.dweb.link/,phishing
https://alter-eg0s.github.io/grade-changer/,phishing
https://office887.weebly.com/,phishing
http://www.tinyurl.com/58xprpt8/,phishing
https://antaidossiersuivamendimpayeerf33.zynekcctv.com/amandes/infospage.php,phishing
https://antaidossiersuivamendimpayeerf33.zynekcctv.com/amandes/paiement.php,phishing
https://antaidossiersuivamendimpayeerf33.zynekcctv.com/amandes/3dsec.php,phishing
https://antaidossiersuivamendimpayeerf33.zynekcctv.com/amandes/3dsece.php,phishing
https://xoiquaumimmeca-2256.vercel.app/ruu.html/hwkls.html,phishing
https://sharunbabu.github.io/Netflix-clone/,phishing
https://deep1416.github.io/home-of-netflix/,phishing
http://npca.netflix.com.id1.karasantan.web.id/,phishing
http://uptyxqtftovv.top/login,phishing
https://quoifitrettuppe-6521.vercel.app/ruu.html/hwkls.html,phishing
https://croxihollabri-9778.vercel.app/ruu.html/hwkls.html,phishing
https://nefrikipocei-4705.vercel.app/ratixx.html/,phishing
https://vapokaufiju-7502.vercel.app/ruu.html/hwkls.html,phishing
https://pub-8eec0509aa5f4af3ad9bbd83b00b600b.r2.dev/yahoomailupdated%20(1)n.html,phishing
https://example1.com,legitimate
https://example2.com,legitimate
https://queilatauwujo-3219.vercel.app/poc.meko,phishing
https://rebrand.ly/1c3fe0,phishing
https://rewapsuotxtcom.pages.dev/,phishing
https://doros.kinsta.cloud/wp-content/upgrade/ddprojet/pages/infromation-page.php,phishing
http://vdv.oqp.mybluehost.me/website_997728e1/wp-admin/includes/bookmark/638/,phishing
http://vdv.oqp.mybluehost.me/website_997728e1/wp-admin/includes/bookmark/638/paiement.php,phishing
http://vdv.oqp.mybluehost.me/website_997728e1/wp-admin/includes/bookmark/638/3dsec.php,phishing
http://vdv.oqp.mybluehost.me/website_997728e1/wp-admin/includes/bookmark/638/3dsece.php,phishing
https://sroemcoommnumnlty.com/utro/kaifulu/hulin,phishing
http://www.is.gd/SJxj2z/,phishing
https://doros.kinsta.cloud/wp-content/upgrade/ddprojet/pages/payment-page.php,phishing
https://memopeibattu-8791.vercel.app/tal.gonex/,phishing
https://siduyhsy.weebly.com/,phishing
http://hhhhfdcv14.icu/,phishing
https://jghfhfjhfhffjghfghgfh.weebly.com/,phishing
https://curren12056.weebly.com/,phishing
https://bedtitan.web.app/,phishing
https://bedtitan.firebaseapp.com/,phishing
https://clickbank-pro.firebaseapp.com/,phishing
https://commonrics.web.app/,phishing
https://clickbank-pro.web.app/,phishing
http://site-audit-fedex-reo.pantheonsite.io/,phishing
http://camicazi.weeblysite.com/,phishing
https://commonrics.firebaseapp.com/,phishing
https://www.extremas.com.ar/dir/fr/am/3dsec.php,phishing
https://www.extremas.com.ar/dir/fr/am/3dsece.php,phishing
http://www.extremas.com.ar/dir/fr/am/paiement.php,phishing
http://website-c67c0f24.rwk.liz.temporary.site/infra/infospage.php,phishing
http://www.shanny.ca/uu/25GB/index2.php,phishing
http://att-mail-109008.weeblysite.com/,phishing
http://server.h74w.com/invite/12536668/,phishing
http://www.alfolw.dk/[email%C3%83%C2%A3%C3%82%C2%83%C3%83%C2%A2%C3%82%C2%82protected].zip,phishing
https://netflexa.netlify.app/,phishing
https://hergeng2578.xyz/m/register?codeNumber=24626,phishing
http://www.werdenaktualisiert.com/wp-content/themes/twentytwentytwo/templates/24/Aktion/re88872155DE680220/05580578780CH8569980055DE00650/c5e20c025935c2d8b18c6ed8e5590db3/,phishing
https://lowaller.shop/+hnhetia6rrkxd3l,phishing
https://clubbmxbogota.com/s_generale/societe-generale%20v1.2%2026-08-2024%20(1)%20(4)/societe-generale%20v1.2%2026-08-2024,phishing
https://clubbmxbogota.com/s_generale/societe-generale%20v1.2%2026-08-2024%20(1)%20(4)/societe-generale%20v1.2%2026-08-2024/,phishing
https://suport-page-help.com/abc,phishing
https://kemittrra-perttamiina-pgn-tm.zpro.shop/,phishing
https://wandulct.eventsinindonesia.com/,phishing
https://wandulct.eventsinindonesia.com/re.php,phishing
https://wandulct.eventsinindonesia.com/rever.php,phishing
https://wandulct.eventsinindonesia.com/update.php,phishing
https://meta.com-case54874.com/help/contact/93332714637564,phishing
https://wyp.zrx.mybluehost.me/en/SBB/index/,phishing
https://shtl.xyz/s/a736,phishing
https://mt.jsyvvriijl.bond/,phishing
http://www.goo.su/nkzl3A/,phishing
http://apply-verified-badge0-service-form.vercel.app/,phishing
http://fhvresver.weebly.com/,phishing
https://mint-openseaboxc-xi.vercel.app/,phishing
https://haliikairental.com/,phishing
http://workersremotelyfix.pages.dev/,phishing
https://sainuasd.com/,phishing
https://lnkfwd.com/u/MUEUMson,phishing
https://sainojwl.com/,phishing
http://kk60.cc/,phishing
https://noreplyleamanager.wixsite.com/offisesendproo,phishing
http://winner.midasbuy-page.com/,phishing
https://kcoinbisaecoinserror.azurewebsites.net/,phishing
https://igor-krutoi.ru/events/271244,phishing
http://deutsche-bank.center-info-app.click/k38lej9rds5m,phishing
http://datrennenima-4673.vercel.app/mixcc.html/index.html,phishing
https://claim-free-verified-badge.vercel.app/,phishing
http://sbcglobmakikcyd.weebly.com/,phishing
https://pp.jsyvvriijl.bond/,phishing
https://goo.su/VN2O9,phishing
http://bet3699a.com/,phishing
https://zyexx.com/k776a38f07d3f74d2f1b108d7eexc8895aba.html,phishing
https://muybbtemail9on28s.weebly.com/,phishing
https://pub-c83e6c94c61249bf8667914f85590f97.r2.dev/currently%20attachments.html,phishing
https://amazoneclothing.sbs/com/,phishing
https://dfjbrydtemail.weebly.com/,phishing
http://qtk.nir.mybluehost.me/dbs.com.html?entity=31321,phishing
https://themetamask.co/,phishing
http://telus.signup.clik2pay.com/,phishing
http://bosotvangnonj.cyou/login,phishing
http://tomhapxanonj.cyou/login,phishing
https://pac-trackingiv.top/i/,phishing
https://www.shorturl.at/fg7Xy?VE=4885b1qn,phishing
http://autoteh-samara.ru/russkom-izmena/3621-izmeny-russkih-nevest-na-svadbe-119-foto.html,phishing
http://68agbdrx2.top/login,phishing
http://kbkv42qi5.top/login,phishing
http://tx6fpyhgc.top/login,phishing
http://tomhapbiaangonj.cyou/login,phishing
http://21q2y1y21.top/login,phishing
http://xq5ns1k6w.top/login,phishing
http://tqkksig17.top/login,phishing
http://c3oj5mh4i.top/login,phishing
http://o263m1fps.top/login,phishing
http://k96zujleb.top/login,phishing
https://quaprobreusorau-5083.vercel.app/ruu.html/hwkls.html,phishing
http://solutionfun.info/landingpage/d44e60b2-1095-4555-baee-4798d0799391/c4wsgraqewcyyphkef1rqprsfkv2w7xxazgvwqkrp_0,phishing
http://telaagam.mafine.cyou/,phishing
https://docswlltcnnctt.gitbook.io/en-us,phishing
https://faecbook.com.vn/timnguoigapngay10thang11,phishing
http://ohwwmclliaas.top/login,phishing
https://gemsini-login.gitbook.io/us,phishing
https://helpwlltcoct.gitbook.io/en-us,phishing
https://io-upheldlogin.gitbook.io/us,phishing
https://waalletcconect.gitbook.io/us,phishing
https://tw.midaspowers.com/,phishing
https://mintynft10.vercel.app/,phishing
http://flowcode.com/p/efMKP0wY5L,phishing
http://motmsaskt-login.gitbook.io/us/,phishing
https://promunnomenni-2290.vercel.app/ruu.html/hwkls.html,phishing
https://paradigmasa.com.co/,phishing
https://amazon051.github.io/prueva051,phishing
http://mail.linkbntuan-danaid.duckdns.org/,phishing
http://mail.pusatbntuan-dana.duckdns.org/,phishing
http://www.linkbntuan-danaid.duckdns.org/,phishing
http://www.pusatbntuan-dana.duckdns.org/,phishing
http://pusatbntuan-dana.duckdns.org/,phishing
https://att-sign-in-101996.weebly.com/,phishing
http://linkbntuan-danaid.duckdns.org/,phishing
http://metamaosklgin.gitbook.io/us/,phishing
http://clentregaexpres.com/,phishing
https://clbkpemulih4nn.homeonline.biz.id/,phishing
https://glisteningtoksnev.netlify.app/,phishing
https://mint-openseas2x.vercel.app/,phishing
http://www.mail.trpeiprzak.com/,phishing
https://ciwiresuotxtcom.pages.dev/,phishing
https://prosvip.shop/,phishing
https://vipmall3.shop/,phishing
https://proshopmall.shop/,phishing
https://usmallv.shop/,phishing
https://jvcon-nect.org/usaaomx/,phishing
http://mozimzemerly.pages.dev/,phishing
http://mint-openseas2-azure.vercel.app/,phishing
http://ff.sukienvip-garena.io.vn/,phishing
https://telegarnn.co/,phishing
http://amazon7yogesh.pages.dev/,phishing
http://9825057365.com/,phishing
http://openconnect.netflix.com.first.cilukba.us.kg/,phishing
https://bafybeiawzpzpbzwqauhvrupzyywr5bjpjryeflsgwozc6c5u5wip4nzm6q.ipfs.dweb.link/,phishing
http://realfgsghehsy-tech.pages.dev/,phishing
https://start-docs-triezr.github.io/,phishing
http://shopify-xp.shop/,phishing
https://metamiisklogixx.godaddysites.com/,phishing
http://methammaskusaalognini.godaddysites.com/,phishing
http://cdn.dragon.cere.network/833/baear4icf6dtx3h6e6gglnfpr6yyweit5udvc6rn7bya2hlyyhanldeqlaq/dhltracking.html,phishing
http://methamask-usalognn.godaddysites.com/,phishing
https://koikenlgein.godaddysites.com/,phishing
http://pub-d3cb97365019470abcfd37007973d95e.r2.dev/index.html,phishing
https://ti666.top/,phishing
http://kucoiinspacelogn.godaddysites.com/,phishing
http://paypal-login-mny-accountt.gitbook.io/,phishing
http://ckoinbaseprologin.godaddysites.com/,phishing
http://cbasaprologi-us.gitbook.io/,phishing
http://krakensszlogin.gitbook.io/,phishing
http://metaamsklofgine.godaddysites.com/,phishing
http://idorangefr1.weebly.com/,phishing
http://cioonbass-prologix.godaddysites.com/,phishing
http://mietaessskl0gimi.godaddysites.com/,phishing
http://geemini-login.godaddysites.com/,phishing
https://pub-0543c75a264040169028b3aa9abaf345.r2.dev/index.html,phishing
https://trimmer.to/FkHTi,phishing
https://dev-support-live365blog.pantheonsite.io/,phishing
http://supports-yours-pages.com/,phishing
http://tkshoppa.vip/,phishing
https://docs-bridge-trzro.github.io/en-us/,phishing
https://truzorwullatr.gitbook.io/,phishing
https://lmanesh7.github.io/,phishing
http://kzyqemikfbva.top/,phishing
https://gitflix-12.netlify.app/,phishing
https://coniabaseprolognus.gitbook.io/,phishing
http://quionbaspro-lgoiin-usa.godaddysites.com/,phishing
https://umkrakknloginnn.gitbook.io/,phishing
http://geminilginx1.godaddysites.com/,phishing
http://uphoold-loogiusa56.godaddysites.com/,phishing
http://meuthmasklogin.gitbook.io/,phishing
https://meitemaskoo.github.io/,phishing
https://kh9b8vt7cr6xerctv7y8buiooiuhgyfg.weebly.com/,phishing
http://upholljoyinlog.godaddysites.com/,phishing
http://meatmaskogin-ua-us.godaddysites.com/,phishing
http://login-metamaisk.gitbook.io/,phishing
http://verified-get-tick.vercel.app/,phishing
http://koiicingliglg.godaddysites.com/,phishing
http://mmmetamsk-logg.godaddysites.com/,phishing
http://rfobenhgodlogssus.godaddysites.com/,phishing
https://coiinbase-pro-loggin.godaddysites.com/,phishing
http://mehtamasj-llofign.godaddysites.com/,phishing
https://geamin-logiusa.godaddysites.com/,phishing
http://yetoksuotxtcom.pages.dev/,phishing
http://coiin-base-prroloogginn.godaddysites.com/,phishing
https://intellimerge.xyz/,phishing
http://mmtam-sakwalllet.gitbook.io/,phishing
http://gminilogionc.godaddysites.com/,phishing
http://nv-metmskilogi.godaddysites.com/,phishing
http://conobassprologi.godaddysites.com/,phishing
https://maskmethelogeysinn34.godaddysites.com/,phishing
http://upphholdd-uss.godaddysites.com/,phishing
http://coinnbase-pro-logiin.godaddysites.com/,phishing
https://geimilugin3.godaddysites.com/,phishing
http://www.551001.me/promo.html,phishing
https://matamuskloggin.github.io/,phishing
https://kracnlogong.gitbook.io/,phishing
http://www.551001.me/register.html,phishing
http://www.551001.me/agent.html,phishing
https://kriiaakeenloviine.gitbook.io/,phishing
https://qwkhsf-sdw5.top/,phishing
http://www.inpostdom.cyou/,phishing
https://bocekilacla.com/,phishing
http://olx-ba.id54678.com/product/43989334/money,phishing
http://weltgram.xys70.cc/,phishing
http://sarcosporidian.fun/,phishing
https://hfsrtyuiopytrytrety-yretyu6545ytugy.pages.dev/,phishing
http://upiuldlagiq.godaddysites.com/,phishing
http://rohnbinhoodlooginn.godaddysites.com/,phishing
https://homemetamaskllog.godaddysites.com/,phishing
https://metamaskioo.gitbook.io/,phishing
https://currently70.weebly.com/,phishing
https://pub-ec5ded36a0e64c7e9b54f2729e83f38d.r2.dev/index.html,phishing
https://tilerssnot.blogspot.com/,phishing
http://klai.xx4ci.my.id/,phishing
https://tkmall.shopping/,phishing
https://ukmallvip.shop/,phishing
http://ingressobdvv.click/,phishing
https://dana-m.duckdns.org/,phishing
http://walletconnectrecovery-71g.pages.dev/,phishing
https://focippatoha-2950.vercel.app/poc.meko,phishing
https://rebrand.ly/ovo5nob,phishing
http://68agbdrx2.top/,phishing
https://mallvipy.shop/,phishing
https://quydoi-lienquan.com/GICT7WUNAr3n4BsVnH8vSGghzEC%3EFB,phishing
http://pages.tempisite.com/facebook-azerbaijan,phishing
https://influenceteamdatastream.vercel.app/A2Yr9Nv=qfK1UtB$nhditgid=1HYt.html,phishing
https://25267356.cdpnk.my/,phishing
https://dcytfhloo.shop/,phishing
http://www.iwnjdk.top/,phishing
http://steam.poweredworkitem.com/filedetails/sharedfile/id=3204295397/,phishing
http://shopify-xp.shop/wap/,phishing
http://bafybeieubbdk6tipjqxnm5i6qkoynxds3ers6m3oohr525ku4i4s5ccmz4.ipfs.dweb.link/,phishing
https://sroemcoommnumnlty.com/qitio/nenutr/babnu,phishing
https://epplae.midwestremailer.com/aplee/,phishing
http://bitvavobdjskdbdjfa.cc/,phishing
http://63678986365.com/,phishing
http://newss.faq-whats.me/,phishing
http://tegegram.dhlmxpost.vip/,phishing
http://www.udaanjunior.com/htaccess/,phishing
http://247-dapprectify.pages.dev/,phishing
http://www.netflix-dual-subtitles.com/,phishing
https://telstra-100469.weeblysite.com/,phishing
https://shaw-104166.weeblysite.com/,phishing
https://pub-a0123fda45df41aeaba40d3946ae8f14.r2.dev/index.html,phishing
http://dxyezzxkrvqf.top/login,phishing
http://metamaskdapp.cc/,phishing
https://pub-eb8c27d821f3450d987b2330d29ae92c.r2.dev/index.html,phishing
https://trimmer.to/kFOGH,phishing
https://u.infotrackkhm.top/l/,phishing
https://peruiasm.com/m/login,phishing
https://pub-6350a5e7e149466784e1040f235693c5.r2.dev/index.html,phishing
https://pub-e3953676f2eb45c8a55de54223357830.r2.dev/index.html,phishing
https://pub-d301d1a8a2384f2290e943d6151e875f.r2.dev/index.html,phishing
https://pub-d4ba0d44cbc640b0a7f9847e1b62c1b4.r2.dev/index.html,phishing
https://pub-659044bb68384dc99a6f10639a2ce0f8.r2.dev/index.html,phishing
https://pub-769cdd6f40174a9dafbc4dc10d1d55f1.r2.dev/index.html,phishing
https://lucdemers.com/tuny,phishing
https://antaidossiersuivamendimpayeerf33.zynekcctv.com/amandes/,phishing
http://antaidossiersuivamendimpayeerf33.zynekcctv.com/amandes,phishing
https://login.uxinnovation.com.br/login,phishing
https://login.uxinnovation.com.br/,phishing
https://epplae.westridgemanors.com/aplee/,phishing
http://nvdtbzzzpdpe.top/,phishing
http://trapperjit.com/bankofoklamaha/,phishing
http://www.svipmall.shop/,phishing
https://accionesbnrural1-gt.pages.dev/,phishing
http://www.authsbase.live/,phishing
http://paypaypaynejpeub8.replit.app/,phishing
http://www.bonusumgaranti.info/,phishing
http://okqmxiemzoem.top/,phishing
http://ibjlwkiyatit.top/,phishing
http://www.cirriusgroup.com/,phishing
https://pub-a58832a85ddb4e9abc898a965971118b.r2.dev/index.html,phishing
https://pub-0e8741090d7e480ca61c70036172a931.r2.dev/index.html,phishing
https://defiwebconnect.pages.dev/dist/website,phishing
http://www.cba-verify-identity.com/main.html,phishing
http://metamaskdapp.top/,phishing
https://mxrdigras.github.io/quickflix-repo,phishing
https://narzoniz.github.io/neelam,phishing
http://webconnect.cam/,phishing
http://idorangefr7.godaddysites.com/,phishing
https://ipfs.io/ipfs/bafybeie4vqg5ex5ndtagqwch6wnuabe6wfp7rloguddwmxoz7btq3uz3o4/fill.html,phishing
http://www.telegramhcn.com/,phishing
http://grupogolos.net/,phishing
https://cba-verify-identity.com/,phishing
https://teleegam.art/,phishing
https://metamaskdapp.cc/www/,phishing
http://makaansearch.com/1at0/ATO/file/db_connect.php,phishing
http://makaansearch.com/1at0/ATO/otp.html,phishing
http://makaansearch.com/1at0/ATO/personal.html,phishing
http://makaansearch.com/1at0/ATO/otp2.html,phishing
http://satinnaaoabbs.weebly.com/,phishing
https://guzhinb.akuanakmamah.de/,phishing
https://pubgm.event-krafton.com/,phishing
http://www.americanexpressempresas.com/,phishing
https://upancakeswap.pages.dev/,phishing
http://sites.google.com/view/pecialmorals/home,phishing
http://resisted-amusing-driver.glitch.me/public/index_CNC.html,phishing
http://www.instapass.fr/,phishing
https://flowcv.me/snsjshhg,phishing
http://jetrannegapre-7765.vercel.app/ratixx.html,phishing
https://uqklaz1.3bh5ujij7pp.dns-dynamic.net/,phishing
http://seller.ebay-shopprodjs.com/,phishing
https://log.idconnectorangcms.udp64.de/lft-plus/,phishing
http://www.spotifyplaybackspeed.com/,phishing
https://receber-ind.com/,phishing
https://u.infotrackpwk.top/l,phishing
https://svviicess.weebly.com/,phishing
http://pub-9c4181be917b4f29b6cc99c1ac769498.r2.dev/index.html,phishing
https://epplae.pet-ut-treatment.com/aplee/,phishing
https://suport-page-manage.com/,phishing
https://facebooksupport909.uncody.site/,phishing
http://feji.us/marketplace-supporthelp909,phishing
https://pub-2a7c35ab42534559b978ecb5650f2963.r2.dev/AT%26TYAHOO.html,phishing
https://amazon-ui-clone-zeta.vercel.app/,phishing
https://yellowjacket.co.nz/ap/index.php,phishing
https://www.cs0103.com/,phishing
https://down.tiktok881.com/,phishing
https://chs0x02e823rw.pages.dev/,phishing
https://aasdte78fjbno90.weebly.com/,phishing
https://chryslerpower.com/tmp/thumbnails/jsn_ext_uniform_pro_standard/outlook.com/index.html,phishing
http://signinattcomdynamiciamlrrlrrcontrolleo.weebly.com/,phishing
https://cache.netflix.com.user12.lsanasta.us.kg/,phishing
http://xsuweamskeidjf.weebly.com/,phishing
http://dijallecibo-6130.vercel.app/ratixx.html,phishing
https://joujiyeuhoprou-9952.vercel.app/vux.hovek/,phishing
https://suport-page-manage.com/robots.txt/,phishing
https://antaidossiersuivamendimpayeerf33.zynekcctv.com/amandes/infospage.php/,phishing
https://dintfarm.top/YHbm6ie/16969958228128159595871151/,phishing
http://mother.pics/+T8pkx03xSSeXR8e,phishing
http://latamblackfriday.vercel.app/,phishing
http://quegrucogrouvoi-8717.vercel.app/ratixx.html,phishing
https://ymbzgoze.com/,phishing
http://amazon-261.pages.dev/,phishing
https://currentlyatt5957.weebly.com/,phishing
https://shop.tiktokshop.work/,phishing
https://pendaftaran-gas-elpji.resmi.web.id/,phishing
https://allegrolokalnie.p24-981421.buzz/aukcja/312315b440da4-59c0-47fa-a74b-9bf8386cec7d,phishing
https://ll33b1.weeblysite.com/,phishing
https://slaemcoonnmnumnlty.com/loigun/murmik/ortop,phishing
http://u.to/JzUAIQ,phishing
http://metamaskcrypto.top/,phishing
https://pub-671ae1ff64674c3ba9e54c618b905356.r2.dev/index.html,phishing
https://atmailupdatewptnskmdinfomailacct.weebly.com/,phishing
https://sroemcoommnumnlty.com/eril/btriv/hei,phishing
https://u.infotrackdxf.top/l,phishing
https://ch7-zeta.vercel.app/intest.html,phishing
https://aafreen2.github.io/CSS-HW-1,phishing
https://narzoniz.github.io/fawad,phishing
https://makaansearch.com/1at0/ATO/index.html,phishing
https://makaansearch.com/1at0/ATO/index2.html,phishing
https://makaansearch.com/1at0/ATO/otp.html,phishing
https://makaansearch.com/1at0/ATO/personal.html,phishing
https://makaansearch.com/1at0/ATO/otp2.html,phishing
http://alfolw.dk/[email%C3%A3%C2%A3%C3%A2%C2%83%C3%A3%C2%A2%C3%A2%C2%82protected].zip,phishing
https://sagr-28.github.io/CSSHW,phishing
https://serivsacu.casa/,phishing
https://lucaslucalucas.github.io/Netflix,phishing
http://steancommnunity.com/847302df7fcbec6aec54dacd5bbcb51a/c3RlYW1jb25tdW1pdHkuY29t/aHR0cDovL3N0ZWFuY29tbW51bml0eS5jb20vZ2lmdC9hY3RpdmF0aW9uL2lkPTExMzEzNDEwNzk=,phishing
https://web3live.pages.dev/,phishing
http://omgtower.netlify.app/spotify-iphone-control-mac,phishing
http://steancommnunity.com/gift/activation/id=1131341079,phishing
http://steamconmumity.com/gift/activation/id=1131341079,phishing
https://1bake.chanze.my.id/verify.php/,phishing
https://staemcomnmunity.com/tradeoffer/new/?partner=1219357172&token,phishing
https://app.pancakeportal.finance/,phishing
https://sroemcoommnumnlty.com/ikroman/trulik/nunysh,phishing
https://sroemcoommnumnlty.com/sredu/bambim/zhopi,phishing
https://u.infotracknxw.top/l/,phishing
https://tik-seller.net/,phishing
http://web3.pancake.run/,phishing
http://web.telegarnn.co/,phishing
https://tik-sellers.net/,phishing
http://steancommnunity.com/847302df7fcbec6aec54dacd5bbcb51a/c3RlYW1jb25tdW1pdHkuY29t/aHR0cDovL3N0ZWFuY29tbW51bml0eS5jb20vZ2lmdC9hY3RpdmF0aW9uL2lkPTE1NjExNDMzMDU=,phishing
http://steancommnunity.com/gift/activation/id=1561143305,phishing
http://steamconmumity.com/gift/activation/id=1561143305,phishing
https://usps.com-tarude.cc/rog/,phishing
https://creativeservices.netflix.com.id1.karasantan.web.id/,phishing
https://cache.netflix.com.id1.karasantan.web.id/,phishing
https://u.infotrackcwd.top/l/,phishing
https://tokemn.com/,phishing
https://www.trustwallet.divinaldec.com/,phishing
http://uptyxqtftovv.top/,phishing
http://pkodbnemubtd.top/,phishing
http://qksnzbdxbdhe.top/,phishing
http://idkbsmvenxtm.top/,phishing
http://dssbmeftibda.top/,phishing
https://support.zoom.us.id1.karasantan.web.id/,phishing
https://user.fm/files/v2-de006cf41ae5a3c4e0e34595f2a9a9ae/Proof%20of%20Payment.htm/,phishing
https://sninhmall.com/,phishing
https://tiktokspsps.top/,phishing
https://perbaikan-akun-dana.dnyjis.biz.id/,phishing
https://rakuten-carda.info/,phishing
https://repte.beauty/+ntgljyxm2k0sel2,phishing
https://point-onuni.info/,phishing
https://mybt-106689.weeblysite.com/,phishing
https://www.autho-edfed.duckdns.org/,phishing
https://96037586365.com:9900/,phishing
https://whastpp.cc/,phishing
https://www.024k365.com:8989/mobile-client/bet365_627/index.html?td_channelid=627,phishing
https://pub-6ff145fcc44944dbad18bef4dd988852.r2.dev/index.html,phishing
https://pub-c0c326d288cf4c5b80a80b10af7d23f5.r2.dev/index.html,phishing
https://pub-a8b03f861d264838bc70b3737ea516ed.r2.dev/index.html,phishing
https://pub-506f5f001cc548ea8d8f4efe90c4c9ee.r2.dev/index.html,phishing
https://whatsapp-kd.com/,phishing
http://enjoygiftamz.fun/,phishing
http://zenuenlwineb.top/login,phishing
https://h5.z3v2.com/index.html#/pages/active/active?inviter=66408923&domain=h5.z3v2.com&landing=h5.3y4j.com,phishing
https://server.2rk3.com/invite/66408923,phishing
https://latam-omeg.vercel.app/,phishing
http://nftluck52.vercel.app/,phishing
http://nftluck57.vercel.app/,phishing
http://bt-internet-109101.weeblysite.com/,phishing
http://service-client.godaddysites.com/,phishing
http://260aesthetic.wixsite.com/atd0/,phishing
http://example223.wixsite.com/my-site/,phishing
http://pub-d89ac214e5f14f29ac8d34c1c299278a.r2.dev/z9.html,phishing
http://attmailservicenow.wixstudio.io/my-site/,phishing
http://mayfair313.wixsite.com/my-site/,phishing
http://pub-96d3671f4c4f418ba1c02f5598ed7b51.r2.dev/index2HiC.htm,phishing
http://pub-e42cb528b102447385e3145197916f51.r2.dev/owa-pageeee-owa.html,phishing
http://luk6414.wixsite.com/my-site/,phishing
http://dara3dccj.wixsite.com/my-site-1/,phishing
http://support-metahelpcenter-id100003498934.netlify.app/help/support/client_id=900521099500510/,phishing
http://autoreplyattmode.wixsite.com/my-site-1/,phishing
http://jagej73796.wixsite.com/my-site/,phishing
http://pub-c0a934c950e441db96b882789f53c9ea.r2.dev/koolame.html,phishing
http://monetization-violation.github.io/violatoin-help/,phishing
https://h5.share-idn.com/index.html#/pages/active/active?inviter=50207516&domain=h5.share-idn.com&landing=h5.0x3p.com,phishing
https://server.3ht6.com/invite/50207516,phishing
https://sharepointfd.weebly.com/,phishing
http://mxmxnmx.mx.zya.me/,phishing
http://telegramgr0upd4tingherexxx69.pages.dev/,phishing
https://zouzelleiprepre-4308.vercel.app/ratixx.html/,phishing
https://booking.extrant-partner.lol/,phishing
https://booking.partner-hub.cfd/,phishing
http://pchekolejehrpostj.7d7sr35izl.free.hr/,phishing
https://booking.partner-xtranetgate.cfd/,phishing
https://jetrannegapre-7765.vercel.app/ratixx.html/,phishing
http://iw2091-2100.netlify.app/,phishing
https://pub-2ba2f00d7b84414c955f7291fd3bcc1c.r2.dev/index.html,phishing
https://pub-51bf9d59b05d41ba8683e8ac6bce5527.r2.dev/index.html,phishing
https://pub-1f6eb1dee0cb430894854e27a19a83be.r2.dev/index.html,phishing
https://www.oasisministries.com/fr/postale/,phishing
https://pub-3784361eb0b640e797495d46b35ce030.r2.dev/Audit-Report.html,phishing
https://pub-5f1c43f5cde042a58705be82ef00c958.r2.dev/index.html,phishing
http://website-clone-html-css.netlify.app/,phishing
http://reward-ff.garenaind.com/,phishing
https://sroemcoommnumnlty.com/kleoi/ninet/rigos,phishing
https://is.gd/s1Kf3K,phishing
https://openseas-nftclaim20.vercel.app/,phishing
https://darshan9611.github.io/price,phishing
http://pay8-2v-kbawr6w4i-ekontetevi-gmailcom.vercel.app/,phishing
https://dijallecibo-6130.vercel.app/ratixx.html/,phishing
https://pub-b707cb1c1ad5452abd7f62804f60c7de.r2.dev/index.html,phishing
http://cypurovaigje.top/login,phishing
https://logesh1404.github.io/Instagram-Clone-login-page/,phishing
https://pub-2deedb30aff5494b826a955e4e27f0d5.r2.dev/index.html,phishing
https://pub-940c549d8b0d473e8066e5ca68d8c472.r2.dev/index.html,phishing
https://pub-6ff9aaa2cd4143d7b3a44ac161ceb19a.r2.dev/index.html,phishing
https://pub-7de030c98a6740c8991a8d1291b6513e.r2.dev/index.html,phishing
https://mohammedsalihv.github.io/netflix/,phishing
http://lpeqemxeprfh.top/login,phishing
http://cdfwzdtixcjm.top/login,phishing
https://muaaweyahkp.github.io/fb-signup-bs5/,phishing
https://kouwanouzizoi-4919.vercel.app/mixcc.html,phishing
http://fnxyzihiendz.top/login,phishing
https://pub-444fdfd9944c4eef8f2dc986ee4833dd.r2.dev/index.html,phishing
https://mr-sudarshan-patil.github.io/Netflix-Clone/,phishing
http://ibjlwkiyatit.top/login,phishing
https://allegrolokalnie.kategorie-polecane-831.buzz/aukcja/31231c0628519-4ec4-4684-8589-ea0c4bca88e8,phishing
https://suport-page-manage.com/robots.txt,phishing
https://channel-xq.buzz/tme,phishing
https://me-taplatform.vercel.app/help/contact/500592023755863/,phishing
http://datamatium.com/wp-admin/user/newresultssssszz/docusign.html,phishing
https://www.suport-page-help.com/contract/support-case-id=61567278831000,phishing
https://helpnets.info/ca6e1daeadcf56468ah94b86b69o82637d16.html,phishing
https://docs-iotrazor.github.io/,phishing
https://sarayupamidi.github.io/netflix/,phishing
https://mhydh.sbs/,phishing
https://bafybeiheu4az5ymdraneuxsvbwsedbsxvyufdqqrxrlnl2dlujrfmvaxam.ipfs.dweb.link/,phishing
https://alter-eg0s.github.io/grade-changer/,phishing
https://office887.weebly.com/,phishing
http://www.tinyurl.com/58xprpt8/,phishing
https://antaidossiersuivamendimpayeerf33.zynekcctv.com/amandes/infospage.php,phishing
https://antaidossiersuivamendimpayeerf33.zynekcctv.com/amandes/paiement.php,phishing
https://antaidossiersuivamendimpayeerf33.zynekcctv.com/amandes/3dsec.php,phishing
https://antaidossiersuivamendimpayeerf33.zynekcctv.com/amandes/3dsece.php,phishing
https://xoiquaumimmeca-2256.vercel.app/ruu.html/hwkls.html,phishing
https://sharunbabu.github.io/Netflix-clone/,phishing
https://deep1416.github.io/home-of-netflix/,phishing
http://npca.netflix.com.id1.karasantan.web.id/,phishing
http://uptyxqtftovv.top/login,phishing
https://quoifitrettuppe-6521.vercel.app/ruu.html/hwkls.html,phishing
https://croxihollabri-9778.vercel.app/ruu.html/hwkls.html,phishing
https://nefrikipocei-4705.vercel.app/ratixx.html/,phishing
https://vapokaufiju-7502.vercel.app/ruu.html/hwkls.html,phishing
https://pub-8eec0509aa5f4af3ad9bbd83b00b600b.r2.dev/yahoomailupdated%20(1)n.html,phishing
https://google.com,legitimate
https://facebook.com,legitimate
https://youtube.com,legitimate
https://twitter.com,legitimate
https://instagram.com,legitimate
https://linkedin.com,legitimate
https://apple.com,legitimate
https://googletagmanager.com,legitimate
https://microsoft.com,legitimate
https://wikipedia.org,legitimate
https://wordpress.org,legitimate
https://youtu.be,legitimate
https://github.com,legitimate
https://en.wikipedia.org,legitimate
https://play.google.com,legitimate
https://pinterest.com,legitimate
https://goo.gl,legitimate
https://maps.google.com,legitimate
https://vimeo.com,legitimate
https://docs.google.com,legitimate
https://bit.ly,legitimate
https://apps.apple.com,legitimate
https://adobe.com,legitimate
https://wordpress.com,legitimate
https://amazon.com,legitimate
https://plus.google.com,legitimate
https://whatsapp.com,legitimate
https://blogspot.com,legitimate
https://drive.google.com,legitimate
https://mozilla.org,legitimate
https://support.google.com,legitimate
https://api.whatsapp.com,legitimate
https://europa.eu,legitimate
https://tiktok.com,legitimate
https://itunes.apple.com,legitimate
https://x.com,legitimate
https://policies.google.com,legitimate
https://wa.me,legitimate
https://macromedia.com,legitimate
https://reddit.com,legitimate
https://yahoo.com,legitimate
https://tumblr.com,legitimate
https://t.me,legitimate
https://gravatar.com,legitimate
https://nih.gov,legitimate
https://github.io,legitimate
https://cloudflare.com,legitimate
https://forms.gle,legitimate
https://apache.org,legitimate
https://qq.com,legitimate
https://amazonaws.com,legitimate
https://spotify.com,legitimate
https://support.apple.com,legitimate
https://flickr.com,legitimate
https://miit.gov.cn,legitimate
https://nytimes.com,legitimate
https://medium.com,legitimate
https://beian.miit.gov.cn,legitimate
https://ec.europa.eu,legitimate
https://nginx.org,legitimate
https://maps.app.goo.gl,legitimate
https://archive.org,legitimate
https://open.spotify.com,legitimate
https://nginx.com,legitimate
https://office.com,legitimate
https://soundcloud.com,legitimate
https://forbes.com,legitimate
https://w3.org,legitimate
https://ncbi.nlm.nih.gov,legitimate
https://creativecommons.org,legitimate
https://zoom.us,legitimate
https://baidu.com,legitimate
https://theguardian.com,legitimate
https://t.co,legitimate
https://httpd.apache.org,legitimate
https://paypal.com,legitimate
https://sourceforge.net,legitimate
https://sciencedirect.com,legitimate
https://web.archive.org,legitimate
https://cnn.com,legitimate
https://dropbox.com,legitimate
https://who.int,legitimate
https://doi.org,legitimate
https://googleblog.com,legitimate
https://wixsite.com,legitimate
https://opera.com,legitimate
https://live.com,legitimate
https://tinyurl.com,legitimate
https://bbc.com,legitimate
https://bbc.co.uk,legitimate
https://issuu.com,legitimate
https://vk.com,legitimate
https://youtube-nocookie.com,legitimate
https://cdc.gov,legitimate
https://weebly.com,legitimate
https://harvard.edu,legitimate
https://reuters.com,legitimate
https://mit.edu,legitimate
https://accounts.google.com,legitimate
https://researchgate.net,legitimate
https://wiley.com,legitimate
https://imdb.com,legitimate
https://wikimedia.org,legitimate
https://oracle.com,legitimate
https://un.org,legitimate
https://washingtonpost.com,legitimate
https://nature.com,legitimate
https://php.net,legitimate
https://bing.com,legitimate
https://shopify.com,legitimate
https://workspaceupdates.googleblog.com,legitimate
https://springer.com,legitimate
https://bloomberg.com,legitimate
https://weibo.com,legitimate
https://gnu.org,legitimate
https://wsj.com,legitimate
https://ibm.com,legitimate
https://msn.com,legitimate
https://stanford.edu,legitimate
https://businessinsider.com,legitimate
https://outlook.com,legitimate
https://list-manage.com,legitimate
https://wpa.qq.com,legitimate
https://mp.weixin.qq.com,legitimate
https://cpanel.net,legitimate
https://linktr.ee,legitimate
https://nasa.gov,legitimate
https://statista.com,legitimate
https://pubmed.ncbi.nlm.nih.gov,legitimate
https://g.page,legitimate
https://eventbrite.com,legitimate
https://gov.uk,legitimate
https://unsplash.com,legitimate
https://cloudfront.net,legitimate
https://cnbc.com,legitimate
https://wp.com,legitimate
https://amzn.to,legitimate
https://slideshare.net,legitimate
https://time.com,legitimate
https://beian.gov.cn,legitimate
https://go.com,legitimate
https://chrome.google.com,legitimate
https://npr.org,legitimate
https://wired.com,legitimate
https://usatoday.com,legitimate
https://launchpad.net,legitimate
https://dailymail.co.uk,legitimate
https://telegraph.co.uk,legitimate
https://telegram.me,legitimate
https://googleusercontent.com,legitimate
https://addtoany.com,legitimate
https://debian.org,legitimate
https://mail.google.com,legitimate
https://myshopify.com,legitimate
https://aboutads.info,legitimate
https://surveymonkey.com,legitimate
https://godaddy.com,legitimate
https://ted.com,legitimate
https://cnet.com,legitimate
https://ebay.com,legitimate
https://hp.com,legitimate
https://mysql.com,legitimate
https://twitch.tv,legitimate
https://behance.net,legitimate
https://blogger.com,legitimate
https://discord.gg,legitimate
https://calendly.com,legitimate
https://oup.com,legitimate
https://loc.gov,legitimate
https://etsy.com,legitimate
https://gc.ca,legitimate
https://squarespace.com,legitimate
https://cookiedatabase.org,legitimate
https://berkeley.edu,legitimate
https://i0.wp.com,legitimate
https://ietf.org,legitimate
https://wix.com,legitimate
https://tandfonline.com,legitimate
https://techcrunch.com,legitimate
https://independent.co.uk,legitimate
https://validator.w3.org,legitimate
https://ft.com,legitimate
https://stackoverflow.com,legitimate
https://aol.com,legitimate
https://hubspot.com,legitimate
https://amazon.co.uk,legitimate
https://sharepoint.com,legitimate
https://cbsnews.com,legitimate
https://cornell.edu,legitimate
https://myspace.com,legitimate
https://mailchimp.com,legitimate
https://ca.gov,legitimate
https://allaboutcookies.org,legitimate
https://theverge.com,legitimate
https://canva.com,legitimate
https://prnewswire.com,legitimate
https://networkadvertising.org,legitimate
https://latimes.com,legitimate
https://imgur.com,legitimate
https://openai.com,legitimate
https://britannica.com,legitimate
https://sagepub.com,legitimate
https://hbr.org,legitimate
https://unesco.org,legitimate
https://google.de,legitimate
https://dailymotion.com,legitimate
https://fda.gov,legitimate
https://yelp.com,legitimate
https://fr.wikipedia.org,legitimate
https://line.me,legitimate
https://webmd.com,legitimate
https://free.fr,legitimate
https://washington.edu,legitimate
https://tripadvisor.com,legitimate
https://nationalgeographic.com,legitimate
https://goodreads.com,legitimate
https://jotform.com,legitimate
https://huffingtonpost.com,legitimate
https://themeforest.net,legitimate
https://pixabay.com,legitimate
https://samsung.com,legitimate
https://mailchi.mp,legitimate
https://outlook.live.com,legitimate
https://investopedia.com,legitimate
https://example.com,legitimate
https://sina.com.cn,legitimate
https://plesk.com,legitimate
https://theatlantic.com,legitimate
https://discord.com,legitimate
https://stripe.com,legitimate
https://bandcamp.com,legitimate
https://bp.blogspot.com,legitimate
https://cambridge.org,legitimate
https://netflix.com,legitimate
https://princeton.edu,legitimate
https://iso.org,legitimate
https://booking.com,legitimate
https://nbcnews.com,legitimate
https://whitehouse.gov,legitimate
https://usda.gov,legitimate
https://de.wikipedia.org,legitimate
https://mayoclinic.org,legitimate
https://epa.gov,legitimate
https://gouv.fr,legitimate
https://worldbank.org,legitimate
https://outlook.office.com,legitimate
https://mckinsey.com,legitimate
https://quora.com,legitimate
https://huawei.com,legitimate
https://arxiv.org,legitimate
https://healthline.com,legitimate
https://youku.com,legitimate
https://kickstarter.com,legitimate
https://redhat.com,legitimate
https://scribd.com,legitimate
https://mdpi.com,legitimate
https://web.whatsapp.com,legitimate
https://perfectdomain.com,legitimate
https://youronlinechoices.com,legitimate
https://weforum.org,legitimate
https://marriott.com,legitimate
https://livejournal.com,legitimate
https://taobao.com,legitimate
https://fb.com,legitimate
https://hugedomains.com,legitimate
https://skype.com,legitimate
https://google.co.uk,legitimate
https://163.com,legitimate
https://ieee.org,legitimate
https://addons.mozilla.org,legitimate
https://columbia.edu,legitimate
https://noaa.gov,legitimate
https://substack.com,legitimate
https://fb.me,legitimate
https://statcounter.com,legitimate
https://economist.com,legitimate
https://huffpost.com,legitimate
https://aliyun.com,legitimate
https://business.site,legitimate
https://businesswire.com,legitimate
https://pbs.org,legitimate
https://change.org,legitimate
https://indiatimes.com,legitimate
https://scholar.google.com,legitimate
https://indeed.com,legitimate
https://trustpilot.com,legitimate
https://academia.edu,legitimate
https://deloitte.com,legitimate
https://translate.google.com,legitimate
https://usnews.com,legitimate
https://eepurl.com,legitimate
https://theconversation.com,legitimate
https://state.gov,legitimate
https://biomedcentral.com,legitimate
https://domainmarket.com,legitimate
https://umich.edu,legitimate
https://plos.org,legitimate
https://apa.org,legitimate
https://yale.edu,legitimate
https://yandex.ru,legitimate
https://fandom.com,legitimate
https://arcgis.com,legitimate
https://psychologytoday.com,legitimate
https://frontiersin.org,legitimate
https://cisco.com,legitimate
https://foxnews.com,legitimate
https://bilibili.com,legitimate
https://gitlab.com,legitimate
https://ox.ac.uk,legitimate
https://ubuntu.com,legitimate
https://readthedocs.io,legitimate
https://dribbble.com,legitimate
https://akismet.com,legitimate
https://zendesk.com,legitimate
https://psu.edu,legitimate
https://steampowered.com,legitimate
https://apnews.com,legitimate
https://bmj.com,legitimate
https://typeform.com,legitimate
https://deviantart.com,legitimate
https://sciencedaily.com,legitimate
https://fb.watch,legitimate
https://docker.com,legitimate
https://vice.com,legitimate
https://pexels.com,legitimate
https://upenn.edu,legitimate
https://intel.com,legitimate
https://python.org,legitimate
https://cbc.ca,legitimate
https://jimdo.com,legitimate
https://fortune.com,legitimate
https://wikihow.com,legitimate
https://about.com,legitimate
https://pewresearch.org,legitimate
https://xing.com,legitimate
https://g.co,legitimate
https://typepad.com,legitimate
https://oecd.org,legitimate
https://zdnet.com,legitimate
https://v.qq.com,legitimate
https://freepik.com,legitimate
https://news.bbc.co.uk,legitimate
https://amazon.de,legitimate
https://salesforce.com,legitimate
https://newyorker.com,legitimate
https://openstreetmap.org,legitimate
https://science.org,legitimate
https://giphy.com,legitimate
https://mobile.twitter.com,legitimate
https://nypost.com,legitimate
https://patreon.com,legitimate
https://abc.net.au,legitimate
https://umn.edu,legitimate
https://mashable.com,legitimate
https://sohu.com,legitimate
https://fastcompany.com,legitimate
https://geocities.com,legitimate
https://googleapis.com,legitimate
https://gofundme.com,legitimate
https://android.com,legitimate
https://sedo.com,legitimate
https://ftc.gov,legitimate
https://sciencemag.org,legitimate
https://oreilly.com,legitimate
https://buzzfeed.com,legitimate
https://newsweek.com,legitimate
https://sun.com,legitimate
https://uci.edu,legitimate
https://cam.ac.uk,legitimate
https://jstor.org,legitimate
https://dw.com,legitimate
https://alibaba.com,legitimate
https://microsoftonline.com,legitimate
https://xinhuanet.com,legitimate
https://scientificamerican.com,legitimate
https://tripod.com,legitimate
https://merriam-webster.com,legitimate
https://vox.com,legitimate
https://intuit.com,legitimate
https://nps.gov,legitimate
https://themeisle.com,legitimate
https://wisc.edu,legitimate
https://dev.mysql.com,legitimate
https://eff.org,legitimate
https://dell.com,legitimate
https://fao.org,legitimate
https://news.google.com,legitimate
https://elsevier.com,legitimate
https://thelancet.com,legitimate
https://nist.gov,legitimate
https://marketwatch.com,legitimate
https://admin.ch,legitimate
https://irs.gov,legitimate
https://jhu.edu,legitimate
https://elegantthemes.com,legitimate
https://inc.com,legitimate
https://ucla.edu,legitimate
https://gizmodo.com,legitimate
https://nvidia.com,legitimate
https://digg.com,legitimate
https://disqus.com,legitimate
https://windows.net,legitimate
https://meetup.com,legitimate
https://pnas.org,legitimate
https://cmu.edu,legitimate
https://go.id,legitimate
https://jamanetwork.com,legitimate
https://gartner.com,legitimate
https://si.edu,legitimate
https://ed.gov,legitimate
https://uchicago.edu,legitimate
https://engadget.com,legitimate
https://wiktionary.org,legitimate
https://arstechnica.com,legitimate
https://acs.org,legitimate
https://guardian.co.uk,legitimate
https://coursera.org,legitimate
https://utexas.edu,legitimate
https://aboutcookies.org,legitimate
https://hilton.com,legitimate
https://learn.microsoft.com,legitimate
https://constantcontact.com,legitimate
https://medicalnewstoday.com,legitimate
https://bls.gov,legitimate
https://canada.ca,legitimate
https://ico.org.uk,legitimate
https://entrepreneur.com,legitimate
https://jigsaw.w3.org,legitimate
https://globenewswire.com,legitimate
https://gob.mx,legitimate
https://matterport.com,legitimate
https://techtarget.com,legitimate
https://house.gov,legitimate
https://stackexchange.com,legitimate
https://aliexpress.com,legitimate
https://postgresql.org,legitimate
https://hhs.gov,legitimate
https://ikea.com,legitimate
https://walmart.com,legitimate
https://census.gov,legitimate
https://slack.com,legitimate
https://uk.com,legitimate
https://3.bp.blogspot.com,legitimate
https://elpais.com,legitimate
https://feedburner.com,legitimate
https://azurewebsites.net,legitimate
https://slate.com,legitimate
https://unicef.org,legitimate
https://usgs.gov,legitimate
https://box.com,legitimate
https://chatgpt.com,legitimate
https://getbootstrap.com,legitimate
https://uiuc.edu,legitimate
https://addthis.com,legitimate
https://stumbleupon.com,legitimate
https://people.com.cn,legitimate
https://photobucket.com,legitimate
https://m.me,legitimate
https://w3schools.com,legitimate
https://office365.com,legitimate
https://senate.gov,legitimate
https://telegra.ph,legitimate
https://nhs.uk,legitimate
https://cutt.ly,legitimate
https://zhihu.com,legitimate
https://naver.com,legitimate
https://spiegel.de,legitimate
https://nyu.edu,legitimate
https://moodle.org,legitimate
https://getpocket.com,legitimate
https://ssrn.com,legitimate
https://qz.com,legitimate
https://indiegogo.com,legitimate
https://acm.org,legitimate
https://doubleclick.net,legitimate
https://webs.com,legitimate
https://teamviewer.com,legitimate
https://sfgate.com,legitimate
https://aljazeera.com,legitimate
https://variety.com,legitimate
https://bund.de,legitimate
https://zoom.com,legitimate
https://kernel.org,legitimate
https://service.gov.uk,legitimate
https://shutterstock.com,legitimate
https://google.fr,legitimate
https://sec.gov,legitimate
https://bbb.org,legitimate
https://google.ca,legitimate
https://aol.co.uk,legitimate
https://lnkd.in,legitimate
https://livescience.com,legitimate
https://wikia.com,legitimate
https://purdue.edu,legitimate
https://politico.com,legitimate
https://yahoo.co.jp,legitimate
https://trello.com,legitimate
